{
  "feature_names": [
    "total_objects",
    "large_objects_count",
    "unused_objects_count",
    "avg_object_size",
    "metadata_fields_count",
    "suspicious_metadata_count",
    "total_fonts",
    "embedded_fonts",
    "font_anomalies_count",
    "embedded_font_ratio",
    "avg_entropy",
    "max_entropy",
    "entropy_variance",
    "high_entropy_chunks",
    "embedded_files_count",
    "embedded_png_count",
    "total_embedded_size",
    "invisible_elements_count",
    "pages_with_invisible",
    "png_signatures_count",
    "valid_png_count",
    "png_chunks_count",
    "total_png_size"
  ],
  "feature_statistics": {
    "total_objects": {
      "mean": 665.0898100172711,
      "std": 6315.321381846704,
      "min": 0.0,
      "max": 200007.0,
      "median": 49.0,
      "q25": 23.0,
      "q75": 192.75,
      "variance": 39883284.156010166,
      "zero_ratio": 0.0008635578583765112
    },
    "large_objects_count": {
      "mean": 0.0,
      "std": 0.0,
      "min": 0.0,
      "max": 0.0,
      "median": 0.0,
      "q25": 0.0,
      "q75": 0.0,
      "variance": 0.0,
      "zero_ratio": 1.0
    },
    "unused_objects_count": {
      "mean": 0.0,
      "std": 0.0,
      "min": 0.0,
      "max": 0.0,
      "median": 0.0,
      "q25": 0.0,
      "q75": 0.0,
      "variance": 0.0,
      "zero_ratio": 1.0
    },
    "avg_object_size": {
      "mean": 0.0,
      "std": 0.0,
      "min": 0.0,
      "max": 0.0,
      "median": 0.0,
      "q25": 0.0,
      "q75": 0.0,
      "variance": 0.0,
      "zero_ratio": 1.0
    },
    "metadata_fields_count": {
      "mean": 10.990500863557859,
      "std": 0.32311030201838414,
      "min": 0.0,
      "max": 11.0,
      "median": 11.0,
      "q25": 11.0,
      "q75": 11.0,
      "variance": 0.1044002672704114,
      "zero_ratio": 0.0008635578583765112
    },
    "suspicious_metadata_count": {
      "mean": 5.153713298791019,
      "std": 0.5145877441919285,
      "min": 0.0,
      "max": 7.0,
      "median": 5.0,
      "q25": 5.0,
      "q75": 5.0,
      "variance": 0.26480054647253765,
      "zero_ratio": 0.0008635578583765112
    },
    "total_fonts": {
      "mean": 69.49827288428325,
      "std": 475.8925470295376,
      "min": 0.0,
      "max": 14136.0,
      "median": 8.0,
      "q25": 3.0,
      "q75": 27.0,
      "variance": 226473.71631826062,
      "zero_ratio": 0.1001727115716753
    },
    "embedded_fonts": {
      "mean": 69.49827288428325,
      "std": 475.8925470295376,
      "min": 0.0,
      "max": 14136.0,
      "median": 8.0,
      "q25": 3.0,
      "q75": 27.0,
      "variance": 226473.71631826062,
      "zero_ratio": 0.1001727115716753
    },
    "font_anomalies_count": {
      "mean": 0.0,
      "std": 0.0,
      "min": 0.0,
      "max": 0.0,
      "median": 0.0,
      "q25": 0.0,
      "q75": 0.0,
      "variance": 0.0,
      "zero_ratio": 1.0
    },
    "embedded_font_ratio": {
      "mean": 0.8998272884283247,
      "std": 0.30023014410290855,
      "min": 0.0,
      "max": 1.0,
      "median": 1.0,
      "q25": 1.0,
      "q75": 1.0,
      "variance": 0.09013813942805324,
      "zero_ratio": 0.1001727115716753
    },
    "avg_entropy": {
      "mean": 6.956890197814157,
      "std": 0.6957789111872352,
      "min": 1.6636308469278283,
      "max": 7.807266705546877,
      "median": 7.117239713875397,
      "q25": 6.738425502739132,
      "q75": 7.439364128931608,
      "variance": 0.48410829325289456,
      "zero_ratio": 0.0
    },
    "max_entropy": {
      "mean": 7.767609862369677,
      "std": 0.2617382218012941,
      "min": 5.000285596665087,
      "max": 7.930328984804863,
      "median": 7.834893587293346,
      "q25": 7.809766454010686,
      "q75": 7.845505760129077,
      "variance": 0.06850689675170342,
      "zero_ratio": 0.0
    },
    "entropy_variance": {
      "mean": 1.761587365295812,
      "std": 1.5301777894978108,
      "min": 0.001558019892339703,
      "max": 14.934337778990914,
      "median": 1.3744693649785198,
      "q25": 0.6293479930086474,
      "q75": 2.3129813832632045,
      "variance": 2.3414440674724064,
      "zero_ratio": 0.0
    },
    "high_entropy_chunks": {
      "mean": 2631.009499136442,
      "std": 17263.735586125247,
      "min": 0.0,
      "max": 361327.0,
      "median": 104.5,
      "q25": 28.0,
      "q75": 289.5,
      "variance": 298036566.3876472,
      "zero_ratio": 0.02849740932642487
    },
    "embedded_files_count": {
      "mean": 0.0017271157167530224,
      "std": 0.041522677997137505,
      "min": 0.0,
      "max": 1.0,
      "median": 0.0,
      "q25": 0.0,
      "q75": 0.0,
      "variance": 0.0017241327880539673,
      "zero_ratio": 0.998272884283247
    },
    "embedded_png_count": {
      "mean": 0.0,
      "std": 0.0,
      "min": 0.0,
      "max": 0.0,
      "median": 0.0,
      "q25": 0.0,
      "q75": 0.0,
      "variance": 0.0,
      "zero_ratio": 1.0
    },
    "total_embedded_size": {
      "mean": 174.7314335060449,
      "std": 5709.9828919612655,
      "min": 0.0,
      "max": 194229.0,
      "median": 0.0,
      "q25": 0.0,
      "q75": 0.0,
      "variance": 32603904.62649034,
      "zero_ratio": 0.998272884283247
    },
    "invisible_elements_count": {
      "mean": 17.63385146804836,
      "std": 200.56471817607593,
      "min": 0.0,
      "max": 5326.0,
      "median": 0.0,
      "q25": 0.0,
      "q75": 0.0,
      "variance": 40226.206177048756,
      "zero_ratio": 0.8177892918825561
    },
    "pages_with_invisible": {
      "mean": 0.18221070811744386,
      "std": 0.3860180902040519,
      "min": 0.0,
      "max": 1.0,
      "median": 0.0,
      "q25": 0.0,
      "q75": 0.0,
      "variance": 0.14900996596478355,
      "zero_ratio": 0.8177892918825561
    },
    "png_signatures_count": {
      "mean": 0.0008635578583765112,
      "std": 0.029373663819853107,
      "min": 0.0,
      "max": 1.0,
      "median": 0.0,
      "q25": 0.0,
      "q75": 0.0,
      "variance": 0.0008628121262017474,
      "zero_ratio": 0.9991364421416234
    },
    "valid_png_count": {
      "mean": 0.0008635578583765112,
      "std": 0.029373663819853107,
      "min": 0.0,
      "max": 1.0,
      "median": 0.0,
      "q25": 0.0,
      "q75": 0.0,
      "variance": 0.0008628121262017474,
      "zero_ratio": 0.9991364421416234
    },
    "png_chunks_count": {
      "mean": 0.004317789291882556,
      "std": 0.0880532646812116,
      "min": 0.0,
      "max": 2.0,
      "median": 0.0,
      "q25": 0.0,
      "q75": 0.0,
      "variance": 0.0077533774210195045,
      "zero_ratio": 0.9974093264248705
    },
    "total_png_size": {
      "mean": 0.8635578583765112,
      "std": 29.373663819853103,
      "min": 0.0,
      "max": 1000.0,
      "median": 0.0,
      "q25": 0.0,
      "q75": 0.0,
      "variance": 862.8121262017472,
      "zero_ratio": 0.9991364421416234
    }
  },
  "training_history": [
    {
      "timestamp": "2025-06-10T17:46:39.409095",
      "results": {
        "training_samples": 926,
        "selected_features": 23,
        "feature_names": [
          "total_objects",
          "large_objects_count",
          "unused_objects_count",
          "avg_object_size",
          "metadata_fields_count",
          "suspicious_metadata_count",
          "total_fonts",
          "embedded_fonts",
          "font_anomalies_count",
          "embedded_font_ratio",
          "avg_entropy",
          "max_entropy",
          "entropy_variance",
          "high_entropy_chunks",
          "embedded_files_count",
          "embedded_png_count",
          "total_embedded_size",
          "invisible_elements_count",
          "pages_with_invisible",
          "png_signatures_count",
          "valid_png_count",
          "png_chunks_count",
          "total_png_size"
        ],
        "train_anomaly_rate": 0.05075593952483801,
        "train_score_stats": {
          "mean": 0.12877440561239392,
          "std": 0.06269910607567616,
          "min": -0.22975220294995213,
          "max": 0.18825093989680963
        },