{
  "training_date": "2025-06-01T12:25:13.274253",
  "total_files": 57,
  "processed_files": 57,
  "failed_files": 0,
  "feature_names": [
    "total_objects",
    "large_objects_count",
    "unused_objects_count",
    "avg_object_size",
    "metadata_fields_count",
    "suspicious_metadata_count",
    "total_fonts",
    "embedded_fonts",
    "font_anomalies_count",
    "embedded_font_ratio",
    "avg_entropy",
    "max_entropy",
    "entropy_variance",
    "high_entropy_chunks",
    "embedded_files_count",
    "embedded_png_count",
    "total_embedded_size",
    "invisible_elements_count",
    "pages_with_invisible",
    "png_signatures_count",
    "valid_png_count",
    "png_chunks_count",
    "total_png_size"
  ],
  "model_parameters": {
    "bootstrap": true,
    "contamination": 0.05,
    "max_features": 1.0,
    "max_samples": "auto",
    "n_estimators": 200,
    "n_jobs": null,
    "random_state": 42,
    "verbose": 0,
    "warm_start": false
  },
  "training_statistics": {
    "mean_features": [
      561.6842105263158,
      0.0,
      0.0,
      0.0,
      11.0,
      6.035087719298246,
      94.08771929824562,
      94.08771929824562,
      0.0,
      0.8245614035087719,
      7.386183427790726,
      7.835066864928736,
      1.1129911799139272,
      2791.1929824561403,
      0.0,
      0.0,
      0.0,
      3.8421052631578947,
      2.43859649122807,
      0.0,
      0.0,
      0.0,
      0.0
    ],
    "std_features": [
      871.9338289293484,
      0.0,
      0.0,
      0.0,
      0.0,
      0.9905680149819722,
      199.85988782510879,
      199.85988782510879,
      0.0,
      0.3803418138364703,
      0.3508269763511831,
      0.015262731563270366,
      1.17586936026773,
      4555.188891796997,
      0.0,
      0.0,
      0.0,
      12.676528211529037,
      7.541737767681854,
      0.0,
      0.0,
      0.0,
      0.0
    ],
    "min_features": [
      25.0,
      0.0,
      0.0,
      0.0,
      11.0,
      5.0,
      0.0,
      0.0,
      0.0,
      0.0,
      6.03984978192869,
      7.776425116132184,
      0.02628749893651826,
      22.0,
      0.0,
      0.0,
      0.0,
      0.0,
      0.0,
      0.0,
      0.0,
      0.0,
      0.0
    ],
    "max_features": [
      4111.0,
      0.0,
      0.0,
      0.0,
      11.0,
      7.0,
      848.0,
      848.0,
      0.0,
      1.0,
      7.769632090973764,
      7.867383840998486,
      5.3110816903445395,
      19523.0,
      0.0,
      0.0,
      0.0,
      78.0,
      44.0,
      0.0,
      0.0,
      0.0,
      0.0
    ]
  }
}